reference_name,total_rows,detected_count,detect_rate,coarse_mean,fine_mean
Referans_Nesne_02.JPG,1141,1054,0.9237510955302366,0.35888019196303866,0.31492918243444395
Referans_Nesne_01.JPG,1141,1012,0.8869412795793163,0.2444353385336246,0.21900799102277596
Referans_Nesne_06.jpg,1141,669,0.5863277826468011,0.3131798519104014,0.2896400826946229
Referans_Nesne_03.JPG,1141,638,0.5591586327782647,0.2538512325882389,0.22040824603755024
Referans_Nesne_05.jpg,1141,324,0.2839614373356705,0.20968481829744173,0.20698037957526028
